{
  "n_cbdb_birth": 735,
  "dyn_results": {
    "宋": {
      "n_total": 154,
      "n_early": 77,
      "n_late": 77,
      "median_year": 1126.5,
      "year_range": [
        620,
        1814
      ],
      "tang_centroid_early": -16.101570724413207,
      "tang_centroid_late": -16.153569062692675,
      "tang_centroid_diff": 0.05199833827946776,
      "tang_centroid_p": 0.607864530503251,
      "pc1_early": 0.01606230654659741,
      "pc1_late": -0.016062306546597464,
      "pc3_early": -0.004520825523069987,
      "pc3_late": 0.004520825523070013,
      "dyn_order_birth": 1
    },
    "元": {
      "n_total": 58,
      "n_early": 29,
      "n_late": 29,
      "median_year": 1285.0,
      "year_range": [
        594,
        1696
      ],
      "tang_centroid_early": -16.080863330077207,
      "tang_centroid_late": -15.974422348250227,
      "tang_centroid_diff": -0.10644098182697981,
      "tang_centroid_p": 0.21346137353967376,
      "pc1_early": 0.013367340404399287,
      "pc1_late": -0.013367340404399292,
      "pc3_early": -0.02081205578958522,
      "pc3_late": 0.02081205578958524,
      "dyn_order_birth": 2
    },
    "明": {
      "n_total": 148,
      "n_early": 74,
      "n_late": 74,
      "median_year": 1493.5,
      "year_range": [
        732,
        1851
      ],
      "tang_centroid_early": -16.05124864892209,
      "tang_centroid_late": -16.018032272541188,
      "tang_centroid_diff": -0.0332163763809028,
      "tang_centroid_p": 0.9770539879915481,
      "pc1_early": -0.015181093901481434,
      "pc1_late": 0.01518109390148141,
      "pc3_early": -0.004026450358464991,
      "pc3_late": 0.004026450358465029,
      "dyn_order_birth": 3
    },
    "清": {
      "n_total": 175,
      "n_early": 90,
      "n_late": 85,
      "median_year": 1746.0,
      "year_range": [
        1023,
        1890
      ],
      "tang_centroid_early": -15.972060764413795,
      "tang_centroid_late": -15.88073179307318,
      "tang_centroid_diff": -0.0913289713406158,
      "tang_centroid_p": 0.3238009746873779,
      "pc1_early": -0.024894859384836654,
      "pc1_late": 0.026359262878062333,
      "pc3_early": -0.0037536020198527635,
      "pc3_late": 0.003974402138667584,
      "dyn_order_birth": 4
    },
    "近代": {
      "n_total": 15,
      "n_early": 8,
      "n_late": 7,
      "median_year": 1873.0,
      "year_range": [
        1299,
        1898
      ],
      "tang_centroid_early": -15.964898922354728,
      "tang_centroid_late": -15.620561681054086,
      "tang_centroid_diff": -0.34433724130064114,
      "tang_centroid_p": 0.09386169386169387,
      "pc1_early": -0.04753579213542079,
      "pc1_late": 0.054326619583338086,
      "pc3_early": -0.007123471851056499,
      "pc3_late": 0.00814111068692174,
      "dyn_order_birth": 5
    }
  },
  "cbdb_sample": {
    "4": {
      "idx": 4,
      "name": "王逸",
      "birth": 549,
      "dynasty": "周"
    },
    "14": {
      "idx": 14,
      "name": "曹植",
      "birth": 1501,
      "dynasty": "汉"
    },
    "16": {
      "idx": 16,
      "name": "曹操",
      "birth": 155,
      "dynasty": "汉"
    },
    "20": {
      "idx": 20,
      "name": "蔡邕",
      "birth": 132,
      "dynasty": "汉"
    },
    "25": {
      "idx": 25,
      "name": "孔融",
      "birth": 153,
      "dynasty": "汉"
    },
    "50": {
      "idx": 50,
      "name": "李延年",
      "birth": 1845,
      "dynasty": "汉"
    },
    "84": {
      "idx": 84,
      "name": "阮籍",
      "birth": 210,
      "dynasty": "晋"
    },
    "86": {
      "idx": 86,
      "name": "曹丕",
      "birth": 187,
      "dynasty": "晋"
    },
    "88": {
      "idx": 88,
      "name": "嵇康",
      "birth": 224,
      "dynasty": "晋"
    },
    "102": {
      "idx": 102,
      "name": "曹睿",
      "birth": 205,
      "dynasty": "晋"
    },
    "109": {
      "idx": 109,
      "name": "李颙",
      "birth": 1760,
      "dynasty": "晋"
    },
    "114": {
      "idx": 114,
      "name": "石崇",
      "birth": 249,
      "dynasty": "晋"
    },
    "121": {
      "idx": 121,
      "name": "王嘉",
      "birth": 622,
      "dynasty": "晋"
    },
    "130": {
      "idx": 130,
      "name": "王浚",
      "birth": 1765,
      "dynasty": "晋"
    },
    "145": {
      "idx": 145,
      "name": "王羲之",
      "birth": 321,
      "dynasty": "晋"
    },
    "148": {
      "idx": 148,
      "name": "王珣",
      "birth": 1177,
      "dynasty": "晋"
    },
    "151": {
      "idx": 151,
      "name": "左延年",
      "birth": 1781,
      "dynasty": "晋"
    },
    "154": {
      "idx": 154,
      "name": "裴秀",
      "birth": 224,
      "dynasty": "晋"
    },
    "172": {
      "idx": 172,
      "name": "曹髦",
      "birth": 241,
      "dynasty": "晋"
    },
    "180": {
      "idx": 180,
      "name": "阮修",
      "birth": 270,
      "dynasty": "晋"
    },
    "196": {
      "idx": 196,
      "name": "王升之",
      "birth": 1072,
      "dynasty": "晋"
    },
    "248": {
      "idx": 248,
      "name": "郗超",
      "birth": 336,
      "dynasty": "晋"
    },
    "303": {
      "idx": 303,
      "name": "郭清",
      "birth": 1478,
      "dynasty": "晋"
    },
    "305": {
      "idx": 305,
      "name": "李皓",
      "birth": 1611,
      "dynasty": "晋"
    },
    "317": {
      "idx": 317,
      "name": "王融",
      "birth": 809,
      "dynasty": "南北朝"
    },
    "323": {
      "idx": 323,
      "name": "王筠",
      "birth": 1749,
      "dynasty": "南北朝"
    },
    "336": {
      "idx": 336,
      "name": "任昉",
      "birth": 460,
      "dynasty": "南北朝"
    },
    "378": {
      "idx": 378,
      "name": "徐勉",
      "birth": 466,
      "dynasty": "南北朝"
    },
    "388": {
      "idx": 388,
      "name": "陶弘景",
      "birth": 456,
      "dynasty": "南北朝"
    },
    "449": {
      "idx": 449,
      "name": "高昂",
      "birth": 1451,
      "dynasty": "南北朝"
    },
    "483": {
      "idx": 483,
      "name": "崔仲方",
      "birth": 539,
      "dynasty": "隋"
    },
    "488": {
      "idx": 488,
      "name": "李白",
      "birth": 701,
      "dynasty": "唐"
    },
    "489": {
      "idx": 489,
      "name": "元稹",
      "birth": 779,
      "dynasty": "唐"
    },
    "490": {
      "idx": 490,
      "name": "杜甫",
      "birth": 712,
      "dynasty": "唐"
    },
    "491": {
      "idx": 491,
      "name": "白居易",
      "birth": 772,
      "dynasty": "唐"
    },
    "494": {
      "idx": 494,
      "name": "王建",
      "birth": 877,
      "dynasty": "唐"
    },
    "495": {
      "idx": 495,
      "name": "杜牧",
      "birth": 803,
      "dynasty": "唐"
    },
    "496": {
      "idx": 496,
      "name": "姚合",
      "birth": 781,
      "dynasty": "唐"
    },
    "497": {
      "idx": 497,
      "name": "孟郊",
      "birth": 751,
      "dynasty": "唐"
    },
    "500": {
      "idx": 500,
      "name": "皮日休",
      "birth": 834,
      "dynasty": "唐"
    },
    "503": {
      "idx": 503,
      "name": "方干",
      "birth": 809,
      "dynasty": "唐"
    },
    "514": {
      "idx": 514,
      "name": "李中",
      "birth": 1488,
      "dynasty": "唐"
    },
    "516": {
      "idx": 516,
      "name": "劉禹錫",
      "birth": 772,
      "dynasty": "唐"
    },
    "526": {
      "idx": 526,
      "name": "李端",
      "birth": 1442,
      "dynasty": "唐"
    },
    "528": {
      "idx": 528,
      "name": "孟浩然",
      "birth": 689,
      "dynasty": "唐"
    },
    "533": {
      "idx": 533,
      "name": "王梵志",
      "birth": 600,
      "dynasty": "唐"
    },
    "534": {
      "idx": 534,
      "name": "皇甫冉",
      "birth": 717,
      "dynasty": "唐"
    },
    "542": {
      "idx": 542,
      "name": "柳宗元",
      "birth": 773,
      "dynasty": "唐"
    },
    "543": {
      "idx": 543,
      "name": "王翰",
      "birth": 1428,
      "dynasty": "唐"
    },
    "545": {
      "idx": 545,
      "name": "李商隱",
      "birth": 813,
      "dynasty": "唐"
    }
  }
}