{
  "n_nodes": 26,
  "n_edges": 20,
  "density": 0.06153846153846154,
  "mean_degree": 1.5384615384615385,
  "n_components": 6,
  "largest_component_size": 9,
  "isolated_nodes": 0,
  "network_mean_dist": 0.037342846393585205,
  "network_median_dist": 0.02229100465774536,
  "network_std_dist": 0.05798251405621015,
  "random_mean_dist": 0.11219718158245087,
  "random_median_dist": 0.08675292134284973,
  "mannwhitney_p": 8.73971205042385e-09,
  "type_counts": {
    "赠詩": 15,
    "受詩": 17,
    "师承": 2
  },
  "type_stats": {
    "受詩": {
      "n": 17,
      "mean": 0.03923753780477187,
      "median": 0.025402307510375977,
      "p": 1.1803782939058771e-07
    },
    "赠詩": {
      "n": 15,
      "mean": 0.017727490266164145,
      "median": 0.010153710842132568,
      "p": 1.2767977266949806e-09
    },
    "师承": {
      "n": 2
    }
  },
  "top_betweenness": [
    [
      "袁宏道",
      0.09333333333333334
    ],
    [
      "王维",
      0.03333333333333333
    ],
    [
      "程俱",
      0.01
    ],
    [
      "柯九思",
      0.0033333333333333335
    ],
    [
      "袁宗道",
      0.0
    ],
    [
      "袁中道",
      0.0
    ],
    [
      "李贽",
      0.0
    ],
    [
      "陶望龄",
      0.0
    ],
    [
      "黄辉",
      0.0
    ],
    [
      "章甫",
      0.0
    ],
    [
      "方文",
      0.0
    ],
    [
      "邹浩",
      0.0
    ],
    [
      "王涣之",
      0.0
    ],
    [
      "章得象",
      0.0
    ],
    [
      "杨亿",
      0.0
    ]
  ],
  "top_pagerank": [
    [
      "袁宏道",
      0.16215944559162307
    ],
    [
      "王维",
      0.10914605682158691
    ],
    [
      "程俱",
      0.07380379764156265
    ],
    [
      "柯九思",
      0.056132668051550545
    ],
    [
      "袁中道",
      0.04631057030110633
    ],
    [
      "章得象",
      0.038461538461538464
    ],
    [
      "杨亿",
      0.038461538461538464
    ],
    [
      "曹学佺",
      0.038461538461538464
    ],
    [
      "沈野",
      0.038461538461538464
    ],
    [
      "袁宗道",
      0.038202302394731213
    ],
    [
      "祖咏",
      0.03360233679967781
    ],
    [
      "綦毋潜",
      0.03360233679967781
    ],
    [
      "李贽",
      0.030094034488356104
    ],
    [
      "韩性",
      0.029625973666532416
    ],
    [
      "张翥",
      0.029625973666532416
    ]
  ],
  "cbdb_note": "CBDB ASSOC_DATA poetry/social relations are mostly self-declared without specific target person_id (c_kin_id=0). Only records with c_kin_id>0 could be used for network analysis."
}