{
  "n_nodes": 811,
  "n_directed_edges": 805,
  "n_mutual_pairs": 34,
  "n_oneway_edges": 737,
  "mutual_mean_dist": 0.04427572383600123,
  "oneway_mean_dist": 0.058134353144683217,
  "mutual_vs_oneway_p": 8.000478856496895e-12,
  "top_out_degree": [
    [
      "张籍",
      11
    ],
    [
      "姚合",
      11
    ],
    [
      "皇甫冉",
      10
    ],
    [
      "戴叔伦",
      10
    ],
    [
      "孟郊",
      9
    ],
    [
      "顾太清",
      9
    ],
    [
      "杜甫",
      8
    ],
    [
      "司空曙",
      8
    ],
    [
      "贾岛",
      8
    ],
    [
      "顾随",
      8
    ],
    [
      "戴叔倫",
      8
    ],
    [
      "李端",
      7
    ],
    [
      "方干",
      7
    ],
    [
      "贯休",
      7
    ],
    [
      "齐己",
      7
    ]
  ],
  "top_in_degree": [
    [
      "李白",
      20
    ],
    [
      "屈原",
      13
    ],
    [
      "李端",
      12
    ],
    [
      "朱放",
      10
    ],
    [
      "方干",
      9
    ],
    [
      "孟郊",
      8
    ],
    [
      "贾岛",
      8
    ],
    [
      "李中",
      8
    ],
    [
      "孟浩然",
      7
    ],
    [
      "畅当",
      6
    ],
    [
      "崔融",
      6
    ],
    [
      "姚合",
      6
    ],
    [
      "賈島",
      6
    ],
    [
      "李频",
      5
    ],
    [
      "王景",
      5
    ]
  ],
  "mutual_pairs_sample": [
    [
      "包佶",
      "刘长卿",
      0.09033513069152832
    ],
    [
      "杜甫",
      "李白",
      0.017752528190612793
    ],
    [
      "秦系",
      "刘长卿",
      0.0706443190574646
    ],
    [
      "李端",
      "司空曙",
      0.00660097599029541
    ],
    [
      "韩愈",
      "孟郊",
      0.026131749153137207
    ],
    [
      "韩愈",
      "张籍",
      0.051795244216918945
    ],
    [
      "韩愈",
      "贾岛",
      0.05542653799057007
    ],
    [
      "孟郊",
      "刘言史",
      0.05488288402557373
    ],
    [
      "张籍",
      "贾岛",
      0.019866943359375
    ],
    [
      "姚合",
      "贾岛",
      0.021496057510375977
    ],
    [
      "姚合",
      "马戴",
      0.042044103145599365
    ],
    [
      "马戴",
      "贾岛",
      0.013517558574676514
    ],
    [
      "段成式",
      "周繇",
      0.03938472270965576
    ],
    [
      "郑谷",
      "杨夔",
      0.029211044311523438
    ],
    [
      "吴融",
      "贯休",
      0.02404165267944336
    ],
    [
      "王贞白",
      "郑谷",
      0.015603601932525635
    ],
    [
      "齐己",
      "郑谷",
      0.013343513011932373
    ],
    [
      "徐照",
      "徐玑",
      0.013018488883972168
    ],
    [
      "徐玑",
      "赵师秀",
      0.012979388236999512
    ],
    [
      "吴均",
      "柳恽",
      0.03735637664794922
    ],
    [
      "任昉",
      "到溉",
      0.04905247688293457
    ],
    [
      "吴均",
      "周兴嗣",
      0.048756957054138184
    ],
    [
      "李梦唐",
      "胡云飞",
      0.04380011558532715
    ],
    [
      "刘峻",
      "刘斯奋",
      0.018673956394195557
    ],
    [
      "卢谌",
      "刘琨",
      0.027560651302337646
    ],
    [
      "石崇",
      "曹嘉",
      0.15978562831878662
    ],
    [
      "刘桢",
      "徐干",
      0.052208900451660156
    ],
    [
      "陆机",
      "潘岳",
      0.009076535701751709
    ],
    [
      "杜挚",
      "毌丘俭",
      0.0861588716506958
    ],
    [
      "傅咸",
      "潘尼",
      0.03145402669906616
    ]
  ],
  "verb_stats": {
    "赠": {
      "out_n": 153,
      "out_mean": 0.05472268037546694
    },
    "答": {
      "out_n": 69,
      "out_mean": 0.07684526754462201
    },
    "寄": {
      "out_n": 225,
      "out_mean": 0.04547384765413073
    },
    "呈": {
      "out_n": 37,
      "out_mean": 0.03953501823786143
    },
    "忆": {
      "out_n": 11,
      "out_mean": 0.0351300293749029
    },
    "怀": {
      "out_n": 49,
      "out_mean": 0.0491505326056967
    },
    "酬": {
      "out_n": 21,
      "out_mean": 0.039429627713702974
    },
    "送": {
      "out_n": 116,
      "out_mean": 0.05888137889319453
    },
    "哭": {
      "out_n": 44,
      "out_mean": 0.04434748806736686
    },
    "上": {
      "out_n": 12,
      "out_mean": 0.0524704655011495
    },
    "和": {
      "out_n": 96,
      "out_mean": 0.051063548773527145
    },
    "示": {
      "out_n": 9,
      "out_mean": 0.041519218020968966
    },
    "吊": {
      "out_n": 32,
      "out_mean": 0.13585486635565758
    },
    "简": {
      "out_n": 5,
      "out_mean": 0.04919736385345459
    },
    "柬": {
      "out_n": 3,
      "out_mean": 0.15681946277618408
    }
  },
  "dynasty_cross_within": {
    "within_n": 558,
    "within_mean": 0.04630462563593328,
    "cross_n": 247,
    "cross_mean": 0.08104366956934755,
    "p": 8.000478856496895e-12
  }
}