{
  "ci": {
    "n": 21945,
    "mean": 0.05696,
    "std": 0.05027
  },
  "shi": {
    "n": 50000,
    "mean": 0.11483,
    "std": 0.09257
  },
  "diff_abs": -0.05787,
  "diff_pct": -50.4,
  "levene_W": 3584.3156,
  "levene_p": 0.0,
  "t_stat": -108.0983,
  "t_p": 0.0,
  "sig": "***",
  "cohens_d": -0.7769,
  "d_bootstrap": {
    "median": -0.7766082286834717,
    "ci_low": -0.7894260883331299,
    "ci_high": -0.7625634074211121,
    "n_boot": 500
  },
  "interpretation": "ci诗人组内距离(0.0570)显著小于shi诗人(0.1148)，Cohen's d=-0.78为中效应，支持体裁内聚假设"
}