{
  "same_cipa_mean": 0.041582994163036346,
  "same_cipa_std": 0.03514856845140457,
  "same_cipa_n": 17562,
  "diff_cipa_mean": 0.04561305418610573,
  "diff_cipa_std": 0.04185112938284874,
  "diff_cipa_n": 4199,
  "mann_whitney_p": 5.810319635202177e-06,
  "cohens_d": 0.10428296029567719,
  "cipa_stats": [
    [
      "宴桃源・如梦令",
      0.009129822254180908,
      0.002923867665231228,
      3,
      3
    ],
    [
      "一斛珠",
      0.009298901073634624,
      0.0016593870241194963,
      3,
      3
    ],
    [
      "木兰花令",
      0.011254926212131977,
      0.005285462364554405,
      3,
      3
    ],
    [
      "洛阳春・一落萦",
      0.014654298312962055,
      0.002352460054680705,
      3,
      3
    ],
    [
      "于飞乐",
      0.015321890823543072,
      0.0017713900888338685,
      3,
      3
    ],
    [
      "霓裳中序第一",
      0.015440245158970356,
      0.0047956062480807304,
      3,
      3
    ],
    [
      "疏影",
      0.01797446608543396,
      0.005298306699842215,
      4,
      6
    ],
    [
      "调笑令",
      0.018066665157675743,
      0.005301968194544315,
      3,
      3
    ],
    [
      "一剪梅・一翦梅",
      0.018910467624664307,
      0.008526280522346497,
      3,
      3
    ],
    [
      "丑奴儿・采桑子",
      0.019783811643719673,
      0.013702139258384705,
      7,
      21
    ],
    [
      "摊破浣溪沙・山花子",
      0.021491428837180138,
      0.009050685912370682,
      4,
      6
    ],
    [
      "桂枝香",
      0.022197097539901733,
      0.004890188109129667,
      4,
      6
    ],
    [
      "哨遍",
      0.023626744747161865,
      0.008642395958304405,
      6,
      15
    ],
    [
      "秦楼月・忆秦娥",
      0.02382250316441059,
      0.022162767127156258,
      6,
      15
    ],
    [
      "雨中花慢",
      0.024012446403503418,
      0.009734321385622025,
      3,
      3
    ],
    [
      "南柯子・南歌子",
      0.024084411561489105,
      0.020814111456274986,
      11,
      55
    ],
    [
      "惜奴娇",
      0.024806082248687744,
      0.009646826423704624,
      3,
      3
    ],
    [
      "绿头鸭・多丽",
      0.027304047718644142,
      0.015000111423432827,
      5,
      10
    ],
    [
      "太常引",
      0.028525689616799355,
      0.014889187179505825,
      3,
      3
    ],
    [
      "玉蝴蝶",
      0.028588037937879562,
      0.013437959365546703,
      5,
      10
    ],
    [
      "导引",
      0.02946029044687748,
      0.012790868058800697,
      4,
      6
    ],
    [
      "雨中花・夜行船",
      0.029947498813271523,
      0.021380839869379997,
      9,
      36
    ],
    [
      "御街行",
      0.030764324590563774,
      0.02175281010568142,
      7,
      21
    ],
    [
      "醉花阴",
      0.03092421032488346,
      0.017487457022070885,
      4,
      6
    ],
    [
      "千秋岁",
      0.031232362613081932,
      0.024851789698004723,
      18,
      153
    ],
    [
      "江城子",
      0.031355831772089005,
      0.023841524496674538,
      20,
      190
    ],
    [
      "武陵春",
      0.03186409920454025,
      0.018636995926499367,
      9,
      36
    ],
    [
      "品令",
      0.032017823308706284,
      0.025126520544290543,
      8,
      28
    ],
    [
      "法驾导引",
      0.032252490520477295,
      0.006049309857189655,
      3,
      3
    ],
    [
      "河满子",
      0.03263359144330025,
      0.020985430106520653,
      4,
      6
    ],
    [
      "相见欢",
      0.033230919390916824,
      0.008214847184717655,
      3,
      3
    ],
    [
      "苏武慢",
      0.03325344994664192,
      0.017174262553453445,
      3,
      3
    ],
    [
      "宝鼎现",
      0.03359663486480713,
      0.013864384032785892,
      3,
      3
    ],
    [
      "醉翁操",
      0.03360554575920105,
      0.021997667849063873,
      4,
      6
    ],
    [
      "水调歌头",
      0.03367041051387787,
      0.02956906519830227,
      35,
      595
    ],
    [
      "临江仙",
      0.033795565366744995,
      0.028655720874667168,
      35,
      595
    ],
    [
      "踏莎行",
      0.033945973962545395,
      0.024042077362537384,
      22,
      231
    ],
    [
      "更漏子",
      0.03420655429363251,
      0.020565520972013474,
      10,
      45
    ],
    [
      "阮郎归",
      0.03514444828033447,
      0.0302139725536108,
      19,
      171
    ],
    [
      "珍珠帘・真珠帘",
      0.03515142202377319,
      0.018342863768339157,
      3,
      3
    ],
    [
      "乳燕飞・贺新郎",
      0.035221200436353683,
      0.010134493932127953,
      3,
      3
    ],
    [
      "蓦山溪",
      0.03531612455844879,
      0.030754102393984795,
      18,
      153
    ],
    [
      "万年欢",
      0.03564057871699333,
      0.010117125697433949,
      3,
      3
    ],
    [
      "满庭芳",
      0.0357002317905426,
      0.028884578496217728,
      26,
      325
    ],
    [
      "感皇恩",
      0.03601934388279915,
      0.021268649026751518,
      15,
      105
    ],
    [
      "惜分飞",
      0.0365091972053051,
      0.026131143793463707,
      7,
      21
    ],
    [
      "鹧鸪天",
      0.036581121385097504,
      0.031980644911527634,
      35,
      595
    ],
    [
      "浣溪沙",
      0.0366537943482399,
      0.030499611049890518,
      42,
      861
    ],
    [
      "减字木兰花",
      0.036686092615127563,
      0.031894683837890625,
      34,
      561
    ],
    [
      "六州歌头",
      0.036813754588365555,
      0.022929131984710693,
      7,
      21
    ],
    [
      "昭君怨",
      0.03718482330441475,
      0.028660478070378304,
      10,
      45
    ],
    [
      "鹊桥仙",
      0.03737541660666466,
      0.029725901782512665,
      25,
      300
    ],
    [
      "虞美人",
      0.03737758845090866,
      0.03565465286374092,
      32,
      496
    ],
    [
      "风流子",
      0.03781035915017128,
      0.03667449578642845,
      13,
      78
    ],
    [
      "杏花天",
      0.038204584270715714,
      0.02602020464837551,
      6,
      15
    ],
    [
      "汉宫春",
      0.038595836609601974,
      0.029617266729474068,
      15,
      105
    ],
    [
      "高阳台",
      0.0386488251388073,
      0.017067590728402138,
      4,
      6
    ],
    [
      "人娇",
      0.038733839988708496,
      0.028150422498583794,
      4,
      6
    ],
    [
      "菩萨蛮",
      0.03877867013216019,
      0.03556065261363983,
      38,
      703
    ],
    [
      "梅花引",
      0.03881780430674553,
      0.011771272867918015,
      3,
      3
    ],
    [
      "西河",
      0.038988202810287476,
      0.02444998361170292,
      4,
      6
    ],
    [
      "糖多令・唐多令",
      0.039118655025959015,
      0.02322944439947605,
      5,
      10
    ],
    [
      "西江月",
      0.03934987261891365,
      0.03554574027657509,
      36,
      630
    ],
    [
      "好事近",
      0.03939204290509224,
      0.03221125528216362,
      32,
      496
    ],
    [
      "归朝欢",
      0.039399027824401855,
      0.020199157297611237,
      4,
      6
    ],
    [
      "朝中措",
      0.039661090821027756,
      0.03483036160469055,
      23,
      253
    ],
    [
      "渔家傲",
      0.04008452966809273,
      0.034604184329509735,
      28,
      378
    ],
    [
      "梦玉人引",
      0.04053433611989021,
      0.021860772743821144,
      3,
      3
    ],
    [
      "江神子・江城子",
      0.04063211381435394,
      0.04230663552880287,
      10,
      45
    ],
    [
      "醉蓬莱",
      0.04066446051001549,
      0.04524008929729462,
      13,
      78
    ],
    [
      "河传",
      0.040852293372154236,
      0.025829395279288292,
      6,
      15
    ],
    [
      "忆王孙",
      0.04090654104948044,
      0.02993704192340374,
      5,
      10
    ],
    [
      "诉衷情",
      0.040919385850429535,
      0.03392184153199196,
      16,
      120
    ],
    [
      "画堂春",
      0.04092356562614441,
      0.024241400882601738,
      5,
      10
    ],
    [
      "长相思",
      0.04106704518198967,
      0.028093835338950157,
      14,
      91
    ],
    [
      "夜行船",
      0.041582804173231125,
      0.0329674668610096,
      8,
      28
    ],
    [
      "点绛唇",
      0.041627269238233566,
