{
  "louvain_scan": {
    "k_list": [
      10,
      15,
      20,
      25,
      30
    ],
    "tau_list": [
      0.1,
      0.15,
      0.2,
      0.25
    ],
    "net_increment": [
      [
        0.004076238588457293,
        0.003849737183706181,
        0.002337893930428825,
        0.002689684038337581
      ],
      [
        0.00044284058108701174,
        0.001496421852315355,
        0.0009203106531071592,
        -0.00025788148108363274
      ],
      [
        0.00023824109546877192,
        -0.0012726419913879905,
        0.0010712356119373379,
        -0.0022537673433286054
      ],
      [
        0.00131788233772967,
        0.0010229183090777472,
        0.0014117519439618142,
        0.0026140947903341427
      ],
      [
        0.0022592516377952787,
        0.0001614702046334182,
        -0.0012896317457531392,
        -0.0010992921963686175
      ]
    ],
    "purity_observed": [
      [
        0.9906470577257949,
        0.9906470577257949,
        0.9906470577257949,
        0.9906470577257949
      ],
      [
        0.9882806757770441,
        0.9882806757770441,
        0.9882806757770441,
        0.9882806757770441
      ],
      [
        0.9864632842197218,
        0.9864632842197218,
        0.9864632842197218,
        0.9864632842197218
      ],
      [
        0.9899644459880349,
        0.9899644459880349,
        0.9899644459880349,
        0.9899644459880349
      ],
      [
        0.9871620224120473,
        0.9871620224120473,
        0.9871620224120473,
        0.9871620224120473
      ]
    ],
    "purity_null": [
      [
        0.9865708191373376,
        0.9867973205420887,
        0.988309163795366,
        0.9879573736874573
      ],
      [
        0.9878378351959571,
        0.9867842539247288,
        0.987360365123937,
        0.9885385572581278
      ],
      [
        0.9862250431242531,
        0.9877359262111098,
        0.9853920486077845,
        0.9887170515630505
      ],
      [
        0.9886465636503052,
        0.9889415276789572,
        0.9885526940440731,
        0.9873503511977008
      ],
      [
        0.984902770774252,
        0.9870005522074139,
        0.9884516541578005,
        0.9882613146084159
      ]
    ],
    "n_shuffles": 50,
    "all_cells_positive": false
  },
  "distance_metric_comparison": {
    "cosine": {
      "ci_ci_mean": 0.0967,
      "shi_shi_mean": 0.0975,
      "ci_shi_mean": 0.1098,
      "genre_gap_pct": 12.0,
      "cohens_d": 0.228
    },
    "euclidean": {
      "ci_ci_mean": 3.2263,
      "shi_shi_mean": 3.0815,
      "ci_shi_mean": 3.3343,
      "genre_gap_pct": 3.2,
      "cohens_d": 0.1056
    },
    "manhattan": {
      "ci_ci_mean": 58.0702,
      "shi_shi_mean": 55.7136,
      "ci_shi_mean": 63.6035,
      "genre_gap_pct": 8.7,
      "cohens_d": 0.2753
    }
  },
  "paper_permanova": {
    "genre_single_R2": null,
    "dynasty_single_R2": 0.8907447395846114
  }
}