{
  "metadata": {
    "n_chinese": 4634,
    "n_spanish": 98,
    "embedding_dim": 97
  },
  "distances": {
    "chinese_within": {
      "mean": 0.982306957244873,
      "std": 0.3036578595638275
    },
    "spanish_within": {
      "mean": 1.0083863735198975,
      "std": 0.3934347927570343
    },
    "cross_cultural": {
      "mean": 1.0004053115844727,
      "std": 0.3260064721107483
    },
    "u_test_p": 1.892225350249979e-100
  },
  "genre_distances": {
    "ci": {
      "mean": 0.9750121235847473,
      "std": 0.3828005790710449,
      "n_pairs": 20580
    },
    "shi": {
      "mean": 1.0018057823181152,
      "std": 0.3225685656070709,
      "n_pairs": 424340
    },
    "qu": {
      "mean": 0.9926295876502991,
      "std": 0.34273165464401245,
      "n_pairs": 9212
    }
  },
  "pca": {
    "explained_variance_ratio": [
      0.2397708147764206,
      0.12621289491653442
    ]
  }
}