{
  "meta": {
    "model": "BERT-CCPoem (mean-pool, CE)",
    "seed": 42,
    "max_train_per_class": 8000,
    "max_val_per_class": 2000,
    "split": "poet-level (author disjoint train/val)",
    "tiers": {
      "A": "metadata(rhythmic+title+author)+body, raw orthography/punct",
      "B": "body only, raw orthography/punct",
      "C": "body only, t2s-normalized + CJK-only (no punct/linebreak)"
    },
    "tasks": {
      "T1": "3-class shi/ci/qu (genre~dynasty collinear)",
      "T2": "within-Song shi vs ci (dynasty controlled)"
    },
    "n_tang_shi": 57354,
    "n_song_shi": 253697,
    "n_song_ci": 20938,
    "n_yuan_qu": 10742,
    "baseline_T1_acc": 0.3333333333333333,
    "baseline_T2_acc": 0.5
  },
  "T1": {
    "A": {
      "acc": 0.9658333333333333,
      "f1_macro": 0.965655792465887,
      "f1_per": [
        0.9942800298433225,
        0.9553463673666426,
        0.9473409801876955
      ],
      "cm": [
        [
          1999,
          0,
          1
        ],
        [
          3,
          1979,
          18
        ],
        [
          19,
          164,
          1817
        ]
      ],
      "n_val": 6000,
      "unk_rate": 0.1674737838625109,
      "minutes": 6.972441609700521
    },
    "B": {
      "acc": 0.9716666666666667,
      "f1_macro": 0.9715872810323841,
      "f1_per": [
        0.9920318725099602,
        0.9643647087736544,
        0.9583652618135376
      ],
      "cm": [
        [
          1992,
          5,
          3
        ],
        [
          2,
          1962,
          36
        ],
        [
          22,
          102,
          1876
        ]
      ],
      "n_val": 6000,
      "unk_rate": 0.1691675474217055,
      "minutes": 8.12672161658605
    },
    "C": {
      "acc": 0.9186666666666666,
      "f1_macro": 0.9186603029555028,
      "f1_per": [
        0.9269889224572004,
        0.9170326988775013,
        0.9119592875318067
      ],
      "cm": [
        [
          1841,
          88,
          71
        ],
        [
          54,
          1879,
          67
        ],
        [
          77,
          131,
          1792
        ]
      ],
      "n_val": 6000,
      "unk_rate": 0.0022475066722854333,
      "minutes": 8.22107648452123
    }
  },
  "T2": {
    "A": {
      "acc": 0.99925,
      "f1_macro": 0.999249999953125,
      "f1_per": [
        0.9992498124531133,
        0.9992501874531368
      ],
      "cm": [
        [
          1998,
          2
        ],
        [
          1,
          1999
        ]
      ],
      "n_val": 4000,
      "unk_rate": 0.19858186907168404,
      "minutes": 5.525305386384328
    },
    "B": {
      "acc": 0.999,
      "f1_macro": 0.998999998999999,
      "f1_per": [
        0.998998998998999,
        0.999000999000999
      ],
      "cm": [
        [
          1996,
          4
        ],
        [
          0,
          2000
        ]
      ],
      "n_val": 4000,
      "unk_rate": 0.19831643736422883,
      "minutes": 5.594979051748911
    },
    "C": {
      "acc": 0.96,
      "f1_macro": 0.9599951594142891,
      "f1_per": [
        0.9595551061678463,
        0.960435212660732
      ],
      "cm": [
        [
          1898,
          102
        ],
        [
          58,
          1942
        ]
      ],
      "n_val": 4000,
      "unk_rate": 0.002656913715907041,
      "minutes": 5.547728713353475
    }
  }
}