{
  "单因素_朝代": {
    "ss_b": 219254.07778850527,
    "ss_w": 26892.846290722962,
    "F": 6287.227260863142,
    "R2": 0.8907447395846114,
    "p": 0.0,
    "k": 7,
    "df_b": 6,
    "df_w": 4627
  },
  "单因素_层级": {
    "ss_b": 164095.5544125557,
    "ss_w": 82051.36966667252,
    "F": 4630.79724062919,
    "R2": 0.6666569368128186,
    "p": 0.5858585858585859,
    "k": 3,
    "df_b": 2,
    "df_w": 4631
  },
  "双因素_组合": {
    "ss_b": 231786.33903908601,
    "ss_w": 14360.585040142221,
    "F": 3722.7953422457313,
    "R2": 0.9416584826568057,
    "p": 0.0,
    "k": 21,
    "df_b": 20,
    "df_w": 4613
  },
  "效应量分解": {
    "纯朝代": 0.27500154584398706,
    "纯层级": 0.050913743072194206,
    "重叠": 0.6157431937406244,
    "未解释": 0.05834151734319426
  },
  "Bootstrap_CI": {
    "R2": 0.8907447395846114,
    "ci_low": 0.8356243371213892,
    "ci_high": 0.8432025880299565,
    "n_boot": 100
  },
  "朝代内层级": {
    "Ming": {
      "n": 783,
      "R2": 0.6796476184298349,
      "F": 827.4093980149804
    },
    "Modern": {
      "n": 309,
      "R2": 0.6546948930851487,
      "F": 290.086409485766
    },
    "Other": {
      "n": 599,
      "R2": 0.26551157468785513,
      "F": 107.72456927875365
    },
    "Qing": {
      "n": 927,
      "R2": 0.6107249244657219,
      "F": 724.8214253530292
    },
    "Song": {
      "n": 949,
      "R2": 0.5827752209213929,
      "F": 660.6814679237558
    },
    "Tang": {
      "n": 680,
      "R2": 0.661449974396711,
      "F": 661.3522357125809
    },
    "Yuan": {
      "n": 387,
      "R2": 0.6847777962021571,
      "F": 417.0941491010343
    }
  },
  "三分位数": {
    "q33": 32.0,
    "q67": 124.0
  }
}