{
  "n_poets": 4634,
  "genre_dist": {
    "shi": 4583,
    "ci": 28,
    "qu": 23
  },
  "ss_total": 93915.95719858985,
  "r2_dyn": 0.9506384442547282,
  "r2_dyn_genre": 0.9517470189166762,
  "pure_genre_r2": 0.0011085746619480252,
  "mannwhitney_ci_vs_shi": {
    "ci_mean": 0.08001227869204994,
    "shi_mean": 0.11849014969247458,
    "stat": 1418535866.0,
    "p": 3.8878805750549007e-22,
    "sig": "***"
  },
  "perm_test": {
    "obs_diff": -0.037293048798360186,
    "p_perm": 0.0,
    "sig": "***",
    "n_perm": 99
  },
  "within_dyn_ci_shi": [
    {
      "dynasty": "周",
      "ci_mean": 0.02073180236828387,
      "shi_mean": 0.06591609068729098,
      "diff": -0.045184288319007115,
      "p": 7.379779618226513e-05
    },
    {
      "dynasty": "汉",
      "ci_mean": 0.07563632757830178,
      "shi_mean": 0.10724014979408195,
      "diff": -0.03160382221578016,
      "p": 0.2149187950067986
    },
    {
      "dynasty": "晋",
      "ci_mean": 0.03719032158860579,
      "shi_mean": 0.08186399212256708,
      "diff": -0.04467367053396129,
      "p": 1.739539914200613e-09
    },
    {
      "dynasty": "南北朝",
      "ci_mean": 0.029660042696281308,
      "shi_mean": 0.0683489325328225,
      "diff": -0.03868888983654119,
      "p": 0.0007942434700001473
    }
  ]
}