{
  "n_nodes": 811,
  "n_edges": 771,
  "total_extracted": 1769,
  "verb_counts": {
    "赠": 153,
    "答": 69,
    "寄": 225,
    "呈": 37,
    "忆": 11,
    "怀": 49,
    "酬": 21,
    "送": 116,
    "哭": 44,
    "招": 1,
    "上": 12,
    "和": 96,
    "示": 9,
    "吊": 32,
    "简": 5,
    "柬": 3,
    "邀": 1
  },
  "network_mean_dist": 0.05696368632109269,
  "network_median_dist": 0.04137706756591797,
  "random_mean_dist": 0.11773672435594641,
  "random_median_dist": 0.0886726975440979,
  "mannwhitney_p": 2.2195225183042555e-139,
  "cohens_d": 0.657523882593034,
  "top_betweenness": [
    [
      "方干",
      0.08961189957874553
    ],
    [
      "李白",
      0.08291163019268134
    ],
    [
      "孟浩然",
      0.07086547463601899
    ],
    [
      "贯休",
      0.062105363014255704
    ],
    [
      "刘得仁",
      0.05471012834012422
    ],
    [
      "李端",
      0.053561340223972444
    ],
    [
      "栖白",
      0.052541622792961894
    ],
    [
      "孟郊",
      0.052060891068654136
    ],
    [
      "释智圆",
      0.049980924476186114
    ],
    [
      "林逋",
      0.049166018098857
    ],
    [
      "范仲淹",
      0.047243205298417495
    ],
    [
      "杜甫",
      0.046810463415325396
    ],
    [
      "杨玉衔",
      0.04595522593050405
    ],
    [
      "戴叔伦",
      0.04478668279081997
    ],
    [
      "傅义",
      0.03786785785137662
    ]
  ],
  "top_pagerank": [
    [
      "李白",
      0.014518419844086743
    ],
    [
      "李端",
      0.007626802859979956
    ],
    [
      "方干",
      0.0062856340629015165
    ],
    [
      "孟郊",
      0.006160942985716705
    ],
    [
      "李中",
      0.005687169225851772
    ],
    [
      "屈原",
      0.00538961037003061
    ],
    [
      "顾随",
      0.005320396333152072
    ],
    [
      "张籍",
      0.005135256278539786
    ],
    [
      "杜甫",
      0.005118472389294293
    ],
    [
      "贾岛",
      0.0050215137837670175
    ],
    [
      "姚合",
      0.00487490524723847
    ],
    [
      "陈永正",
      0.004411221642177776
    ],
    [
      "齐己",
      0.004405876536590092
    ],
    [
      "顾太清",
      0.004080659781281553
    ],
    [
      "戴叔伦",
      0.004010911655947265
    ]
  ],
  "closest_pairs": [
    [
      "曾巩",
      "孔平仲",
      0.0028241872787475586,
      [
        "和"
      ],
      "和孔平仲"
    ],
    [
      "李梦阳",
      "徐祯卿",
      0.004371345043182373,
      [
        "赠"
      ],
      "赠徐祯卿"
    ],
    [
      "曹鄴",
      "劉駕",
      0.005144178867340088,
      [
        "寄"
      ],
      "寄劉駕"
    ],
    [
      "曹邺",
      "刘驾",
      0.00613558292388916,
      [
        "寄"
      ],
      "寄刘驾"
    ],
    [
      "李頻",
      "賈島",
      0.006209254264831543,
      [
        "哭"
      ],
      "哭賈島"
    ],
    [
      "赵师秀",
      "徐照",
      0.006226181983947754,
      [
        "怀",
        "寄"
      ],
      "杨柳塘寄徐照"
    ],
    [
      "王哲",
      "马钰",
      0.006438612937927246,
      [
        "赠"
      ],
      "忆王孙 赠马钰"
    ],
    [
      "耿湋",
      "李端",
      0.006490349769592285,
      [
        "送"
      ],
      "送李端"
    ],
    [
      "独孤及",
      "高适",
      0.006569862365722656,
      [
        "寄"
      ],
      "送陈兼应辟兼寄高适、贾至"
    ],
    [
      "李端",
      "司空曙",
      0.00660097599029541,
      [
        "赠",
        "寄"
      ],
      "晚游东田寄司空曙"
    ],
    [
      "司空曙",
      "李端",
      0.00660097599029541,
      [
        "赠",
        "忆"
      ],
      "赠李端"
    ],
    [
      "苏辙",
      "黄庭坚",
      0.006754279136657715,
      [
        "答"
      ],
      "次烟字韵答黄庭坚"
    ],
    [
      "苏辙",
      "张耒",
      0.00682830810546875,
      [
        "答"
      ],
      "次韵答张耒"
    ],
    [
      "苏轼",
      "王寂",
      0.006836652755737305,
      [
        "赠"
      ],
      "赠王寂"
    ],
    [
      "徐贲",
      "张羽",
      0.007239639759063721,
      [
        "怀"
      ],
      "中秋夜淮河舟中看月怀张羽"
    ],
    [
      "李頎",
      "王昌齡",
      0.00766599178314209,
      [
        "送"
      ],
      "送王昌齡"
    ],
    [
      "賈島",
      "顧非熊",
      0.007679879665374756,
      [
        "寄"
      ],
      "寄顧非熊"
    ],
    [
      "齊己",
      "尚顏",
      0.008014202117919922,
      [
        "寄",
        "酬"
      ],
      "酬尚顏"
    ],
    [
      "馬戴",
      "賈島",
      0.008028149604797363,
      [
        "寄"
      ],
      "寄賈島"
    ],
    [
      "賈島",
      "馬戴",
      0.008028149604797363,
      [
        "寄"
      ],
      "雨夜寄馬戴"
    ],
    [
      "陈师道",
      "晁说之",
      0.008074402809143066,
      [
        "寄"
      ],
      "寄晁说之"
    ],
    [
      "李隆基",
      "张说",
      0.008135080337524414,
      [
        "答"
      ],
      "南出雀鼠谷答张说"
    ],
    [
      "周賀",
      "朱慶餘",
      0.008360445499420166,
      [
        "送"
      ],
      "送朱慶餘"
    ],
    [
      "王维",
      "李颀",
      0.00844264030456543,
      [
        "赠"
      ],
      "赠李颀"
    ],
    [
      "汪东",
      "袁去华",
      0.008910179138183594,
      [
        "和"
      ],
      "倾杯近 和袁去华"
    ],
    [
      "李频",
      "贾岛",
      0.008959650993347168,
      [
        "哭"
      ],
      "哭贾岛"
    ],
    [
      "陆机",
      "潘岳",
      0.009076535701751709,
      [
        "赠"
      ],
      "赠潘岳诗"
    ],
    [
      "潘岳",
      "陆机",
      0.009076535701751709,
      [
        "赠"
      ],
      "为贾谧作赠陆机诗"
    ],
    [
      "顾太清",
      "周邦彦",
      0.009116172790527344,
      [
        "和"
      ],
      "霜叶飞 和周邦彦《片玉词》"
    ],
    [
      "李颀",
      "王昌龄",
      0.009174644947052002,
      [
        "送"
      ],
      "送王昌龄"
    ],
    [
      "杜甫",
      "高适",
      0.009211063385009766,
      [
        "寄"
      ],
      "寄高适"
    ],
    [
      "李紳",
      "章孝標",
      0.00926119089126587,
      [
        "答"
      ],
      "答章孝標"
    ],
    [
      "刘子翚",
      "张守",
      0.009281277656555176,
      [
        "呈"
      ],
      "出郭诗呈张守"
    ],
    [
      "谢灵运",
      "谢惠连",
      0.009524345397949219,
      [
        "答"
      ],
      "答谢惠连诗"
    ],
    [
      "曹松",
      "方干",
      0.009830057621002197,
      [
        "寄"
      ],
      "寄方干"
    ],
    [
      "钱起",
      "张南史",
      0.009937822818756104,
      [
        "赠"
      ],
      "赠张南史"
    ],
    [
      "杜牧",
      "张祜",
      0.009949922561645508,
      [
        "赠",
        "寄"
      ],
      "登池州九峰楼寄张祜"
    ],
    [
      "齐己",
      "尚颜",
      0.01010829210281372,
      [
        "寄",
        "酬"
      ],
      "酬尚颜"
    ],
    [
      "齊己",
      "鄭谷",
      0.010129272937774658,
      [
        "酬",
        "呈",
        "哭",
        "寄"
      ],
      "戊辰歲湘中寄鄭谷郎中"
    ],
    [
      "白居易",
      "元稹",
      0.01018679141998291,
      [
        "赠"
      ],
      "赠元稹"
    ],
    [
      "陈造",
      "张守",
      0.01021963357925415,
      [
        "送",
        "呈",
        "简"
      ],
      "再次韵呈张守  其一"
    ],
    [
      "戴叔倫",
      "張南史",
      0.010253190994262695,
      [
        "送"
      ],
      "送張南史"
    ],
    [
      "張籍",
      "于鵠",
      0.010259389877319336,
      [
        "哭"
      ],
      "哭于鵠"
    ],
    [
      "許渾",
      "殷堯藩",
      0.0103379487991333,
      [
        "寄"
      ],
      "寄殷堯藩"
    ],
    [
      "李嘉佑",
      "刘长卿",
      0.010619282722473145,
      [
        "忆"
      ],
      "入睦州分水路忆刘长卿"
    ],
    [
      "周賀",
      "賈島",
      0.010668635368347168,
      [
        "寄"
      ],
      "出關寄賈島"
    ],
    [
      "齊己",
      "貫休",
      0.01092982292175293,
      [
        "寄"
      ],
      "寄貫休"
    ],
    [
      "贾岛",
      "顾非熊",
      0.010979115962982178,
      [
        "寄"
      ],
      "寄顾非熊"
    ],
    [
      "翁卷",
      "徐玑",
      0.011117219924926758,
      [
        "哭"
      ],
      "哭徐玑"
    ],
    [
      "米芾",
      "刘泾",
      0.011216044425964355,
      [
        "答"
      ],
      "答刘泾书"
    ]
  ]
}